{
  "S_mean": 1.749706,
  "\u0394M\u03a9": 1.159176,
  "P_ph": 0.66241,
  "samples": 10000
}