{
  "nl": {
    "tokens": [
      141.11475336570518,
      158.76292478787983,
      141.7997882099886,
      139.75342628638273,
      125.60958162257634,
      142.09405520931233,
      172.57409976268536,
      156.75537373489652,
      170.8482188144623,
      152.7247627362971,
      156.07970159611642,
      151.26251318985317,
      108.68056191782532,
      166.67077228158897,
      158.64685145557857,
      158.47281487772472,
      108.09861530748628,
      106.89057330266112,
      126.53884706944062,
      136.23164665813562,
      154.02525781214612,
      145.94403019821053,
      158.98242266368075,
      132.22860075288665,
      154.10017243185027,
      156.06555296776185,
      131.79384100676072,
      186.50319729867607,
      159.80201518495147,
      174.53112047351718,
      132.7323429668946,
      129.99113438683023,
      139.08692637924713,
      144.5523093746135,
      161.53781113573942,
      152.7138268321029,
      136.7108374096602,
      124.99101678576545,
      135.0264228684696,
      175.0811902426978,
      128.4172321489198,
      152.62945118826974,
      156.80993641750575,
      112.73590789819437,
      148.11491022953712,
      177.04360279556266,
      100.66963203166395,
      139.6033414254896,
      144.55879912160927,
      128.20301304394866
    ],
    "parse_ms": [
      141.45041021278584,
      130.81668199627384,
      104.17152351407294,
      147.72907169133498,
      144.71737810659903,
      149.97099405574087,
      159.37135085065947,
      138.8826297366185,
      134.26620885665227,
      107.31580639010625,
      143.69342104158454,
      120.37658052740275,
      123.3986639072421,
      107.96903228827486,
      113.61532778299406,
      121.90869924029849,
      156.48791331844376,
      93.39595109847517,
      104.30359448200153,
      136.5476708311156,
      159.4236453289734,
      142.99144205712147,
      95.90107773829291,
      84.15353822940648,
      138.7905470985095,
      118.01102314500741,
      110.72405510298556,
      150.5700535869717,
      152.93393787942767,
      134.98778572833123,
      136.66975369530562,
      140.2528933868105,
      162.28607708169432,
      143.7615434618523,
      141.85434124053964,
      142.4070138989934,
      102.20210007145577,
      156.35293684967772,
      150.14693958642644,
      142.06285071419416,
      94.49636672480403,
      119.9600795138596,
      148.00376828310215,
      97.58692920209481,
      128.50357764280523,
      151.37102576519356,
      107.08741635278213,
      162.5920177691226,
      142.48731546410238,
      129.14736372568407
    ],
    "tsr": [
      0.6124866821004717,
      0.6449830991445152,
      0.5920393726203546,
      0.6945660235857961,
      0.5138455434247604,
      0.5385263844106657,
      0.6841684553073594,
      0.5826798941547277,
      0.4919535918880559,
      0.6746455265493211,
      0.7265497574302746,
      0.5355173914844252,
      0.4420006812839504,
      0.5665251798306886,
      0.5650981196359761,
      0.5502000350366419,
      0.7204770303577565,
      0.4773063526084205,
      0.7060586644838324,
      0.453167802092638,
      0.5012960532817271,
      0.6431521278898173,
      0.6928690305549403,
      0.665900235025354,
      0.614522474619203,
      0.5942356337952756,
      0.5952481790456843,
      0.6375280270834041,
      0.5623802542243709,
      0.6077435996847297,
      0.6372726533632976,
      0.5800839476473739,
      0.656398238853793,
      0.6365878129140344,
      0.7810632196365055,
      0.6124942636772721,
      0.5372407048056765,
      0.5427448784087129,
      0.5786894402234315,
      0.6723784604424851,
      0.5463436311502243,
      0.6185825992057179,
      0.7637301277649466,
      0.32353205257860657,
      0.4676091414660967,
      0.60438970169033,
      0.6198335394417464,
      0.6038573328861069,
      0.5368848500935248,
      0.6455146193329143
    ]
  },
  "json": {
    "tokens": [
      100.7962111212056,
      87.12512724935218,
      137.3109158778348,
      102.03725866054322,
      86.57810749730312,
      94.30937461299293,
      92.16488006957445,
      94.93339370767028,
      49.62254920384659,
      87.7227164920826,
      113.14568163685698,
      76.13444150418036,
      94.86609675557827,
      112.20959135427944,
      110.55500501961673,
      121.34788394278905,
      67.0759731443855,
      89.99260788501404,
      90.20385019381249,
      106.59592738101729,
      114.56038756579115,
      50.391897296700535,
      114.50754793458671,
      71.39176182153489,
      107.6135478937392,
      70.6336471426936,
      98.98949646775098,
      116.30912837582262,
      93.46156661493877,
      99.24875254952475,
      109.5511019623565,
      98.40341231750261,
      94.49581650850693,
      122.0653530108327,
      113.82400233989307,
      91.00514398866963,
      142.67052878612122,
      76.50373624660003,
      111.54835496667317,
      91.48285218570015,
      98.25021718714228,
      107.98509550882034,
      99.77777624729603,
      106.85697023025538,
      70.03546883471805,
      70.33831160393213,
      106.45402402407387,
      79.62630557707769,
      78.54697978883303,
      71.00763041638183
    ],
    "parse_ms": [
      125.26208081711603,
      116.94492814206578,
      128.5691955570654,
      89.99619691766704,
      105.01610177882242,
      86.75508956212785,
      117.25659816286856,
      130.4307662942037,
      90.75646397381654,
      129.9653075660396,
      120.80847189790732,
      102.15464532827679,
      73.44846902512325,
      127.50610779097252,
      103.45983213045503,
      95.35474807533537,
      111.39352608775553,
      111.55942935149203,
      128.96952062220586,
      88.67774702837401,
      123.17979712855168,
      128.7977661025206,
      128.2357761584273,
      102.11000682825244,
      93.09554316929852,
      121.29716359378548,
      106.84296500176451,
      106.98703177382649,
      127.78743406606323,
      100.78501652632202,
      68.25239662705496,
      98.80494068533889,
      75.33722908625407,
      118.10053329455783,
      110.07255659462326,
      95.22068557873364,
      104.84641123609926,
      118.32198420912137,
      106.26312145105783,
      126.22434419512716,
      104.01944295191306,
      121.64535626850719,
      128.86369219164078,
      130.75828773991083,
      94.25088999371015,
      119.07846733651527,
      74.98406548855549,
      87.66640968077422,
      73.59533578694409,
      122.1037699606936
    ],
    "tsr": [
      0.4968065277130447,
      0.618723595717415,
      0.6007786019475372,
      0.6171402472226422,
      0.5608478223464856,
      0.6433663175314362,
      0.7991267088220305,
      0.6244268553567239,
      0.6730982148919415,
      0.7200519367767209,
      0.6002052309108171,
      0.4940308868161367,
      0.5644604528462642,
      0.7273594739367367,
      0.45537744291507876,
      0.5602154179449488,
      0.7207410652629471,
      0.6992736649857606,
      0.6207618128232683,
      0.7005235795872451,
      0.6365979432329839,
      0.5021084542542732,
      0.4636057630784802,
      0.556104786346157,
      0.7122730110220912,
      0.5634454848243605,
      0.5297641399539585,
      0.5429039488221025,
      0.4668233047502319,
      0.6082725079700155,
      0.5020393047678211,
      0.6564145966808675,
      0.38399035873845433,
      0.6527781209566094,
      0.5558389243200682,
      0.4257852073378523,
      0.6924709448402856,
      0.5924491748558792,
      0.39699632168414223,
      0.5324936802984971,
      0.6491024244819119,
      0.5741417789490796,
      0.6979983687525831,
      0.694755694141248,
      0.6866236641642305,
      0.6526625288095436,
      0.7533696949635578,
      0.6859834170157924,
      0.665121817439889,
      0.41160210974558337
    ]
  },